{"cameraMode":{"drawMode":0,"name":"Shaded","section":"Shading Mode"},"sceneLighting":true,"audioPlay":false,"sceneViewState":{"showFog":true,"showMaterialUpdate":false,"showSkybox":true,"showFlares":true,"showImageEffects":true,"showParticleSystems":true},"in2DMode":false,"pivot":{"x":-1.340152621269226,"y":0.6097995042800903,"z":1.9942712783813477},"rotation":{"x":-0.0036012455821037294,"y":-0.01649918220937252,"z":-0.00005962098657619208,"w":0.9998583793640137},"size":4.404079437255859,"orthographic":false}